{
  "project_info": {
    "project_number": "831267360504",
    "project_id": "fypmypinterview-7b242",
    "storage_bucket": "fypmypinterview-7b242.appspot.com"
  },
  "client": [
    {
      "client_info": {
        "mobilesdk_app_id": "1:831267360504:android:2c7cf32f0b2a546cf6750d",
        "android_client_info": {
          "package_name": "com.example.fypmypinterview"
        }
      },
      "oauth_client": [
        {
          "client_id": "831267360504-hb3jpmfjssglenv28hvhtpkrc2g95c0b.apps.googleusercontent.com",
          "client_type": 3
        }
      ],
      "api_key": [
        {
          "current_key": "AIzaSyAZfXIvq8N_edQ7UOH5BsX0WrzDxEr5xKg"
        }
      ],
      "services": {
        "appinvite_service": {
          "other_platform_oauth_client": [
            {
              "client_id": "831267360504-hb3jpmfjssglenv28hvhtpkrc2g95c0b.apps.googleusercontent.com",
              "client_type": 3
            }
          ]
        }
      }
    }
  ],
  "configuration_version": "1"
}